,,Bee,Bee,Bee,Bee,NoBee,NoBee,NoBee,NoBee,macro avg,macro avg,macro avg,macro avg,weighted avg,weighted avg,weighted avg,weighted avg,fold
,accuracy,f1-score,precision,recall,support,f1-score,precision,recall,support,f1-score,precision,recall,support,f1-score,precision,recall,support,
0,0.7250512505125051,0.6453353078062195,0.9088336064352749,0.5002870028700287,12195.0,0.7755088377075521,0.6552582451773491,0.9498154981549816,12195.0,0.7104220727568857,0.7820459258063119,0.7250512505125051,24390.0,0.7104220727568858,0.782045925806312,0.7250512505125051,24390.0,fold_0
1,0.5447535688235907,0.6823007562536357,0.5239850337856704,0.9777013650098989,9597.0,0.19717015803013596,0.8337218337218337,0.11180577263728249,9597.0,0.43973545714188583,0.6788534337537521,0.5447535688235907,19194.0,0.43973545714188583,0.6788534337537521,0.5447535688235907,19194.0,fold_1
2,0.7650051339494073,0.715777589613322,0.9054555841188232,0.5918043498553159,10713.0,0.7996976568405141,0.6968247365501942,0.9382059180434985,10713.0,0.7577376232269181,0.8011401603345087,0.7650051339494073,21426.0,0.7577376232269181,0.8011401603345086,0.7650051339494073,21426.0,fold_2
3,0.766312250090876,0.7309724329131141,0.8612104030568224,0.6349509269356598,11004.0,0.7934455199003976,0.71090320259086,0.8976735732460923,11004.0,0.7622089764067559,0.7860568028238413,0.7663122500908761,22008.0,0.7622089764067559,0.7860568028238412,0.766312250090876,22008.0,fold_3
4,0.7436675137306337,0.6852858293075685,0.8873973673921544,0.5581605049594229,12199.0,0.7837781772922142,0.6777279521674141,0.9291745225018444,12199.0,0.7345320032998914,0.7825626597797842,0.7436675137306337,24398.0,0.7345320032998914,0.7825626597797842,0.7436675137306337,24398.0,fold_4
