{"('', 'accuracy')":{"0":0.7250512505,"1":0.5447535688,"2":0.7650051339,"3":0.7663122501,"4":0.7436675137},"('Bee', 'f1-score')":{"0":0.6453353078,"1":0.6823007563,"2":0.7157775896,"3":0.7309724329,"4":0.6852858293},"('Bee', 'precision')":{"0":0.9088336064,"1":0.5239850338,"2":0.9054555841,"3":0.8612104031,"4":0.8873973674},"('Bee', 'recall')":{"0":0.5002870029,"1":0.977701365,"2":0.5918043499,"3":0.6349509269,"4":0.558160505},"('Bee', 'support')":{"0":12195.0,"1":9597.0,"2":10713.0,"3":11004.0,"4":12199.0},"('NoBee', 'f1-score')":{"0":0.7755088377,"1":0.197170158,"2":0.7996976568,"3":0.7934455199,"4":0.7837781773},"('NoBee', 'precision')":{"0":0.6552582452,"1":0.8337218337,"2":0.6968247366,"3":0.7109032026,"4":0.6777279522},"('NoBee', 'recall')":{"0":0.9498154982,"1":0.1118057726,"2":0.938205918,"3":0.8976735732,"4":0.9291745225},"('NoBee', 'support')":{"0":12195.0,"1":9597.0,"2":10713.0,"3":11004.0,"4":12199.0},"('macro avg', 'f1-score')":{"0":0.7104220728,"1":0.4397354571,"2":0.7577376232,"3":0.7622089764,"4":0.7345320033},"('macro avg', 'precision')":{"0":0.7820459258,"1":0.6788534338,"2":0.8011401603,"3":0.7860568028,"4":0.7825626598},"('macro avg', 'recall')":{"0":0.7250512505,"1":0.5447535688,"2":0.7650051339,"3":0.7663122501,"4":0.7436675137},"('macro avg', 'support')":{"0":24390.0,"1":19194.0,"2":21426.0,"3":22008.0,"4":24398.0},"('weighted avg', 'f1-score')":{"0":0.7104220728,"1":0.4397354571,"2":0.7577376232,"3":0.7622089764,"4":0.7345320033},"('weighted avg', 'precision')":{"0":0.7820459258,"1":0.6788534338,"2":0.8011401603,"3":0.7860568028,"4":0.7825626598},"('weighted avg', 'recall')":{"0":0.7250512505,"1":0.5447535688,"2":0.7650051339,"3":0.7663122501,"4":0.7436675137},"('weighted avg', 'support')":{"0":24390.0,"1":19194.0,"2":21426.0,"3":22008.0,"4":24398.0},"('fold', '')":{"0":"fold_0","1":"fold_1","2":"fold_2","3":"fold_3","4":"fold_4"}}