{"('', 'accuracy')":{"0":0.7250922509,"1":0.5989892675,"2":0.7649584617,"3":0.7663122501,"4":0.7436675137},"('Bee', 'f1-score')":{"0":0.6453694399,"1":0.7040639779,"2":0.7157371867,"3":0.7309724329,"4":0.6852858293},"('Bee', 'precision')":{"0":0.9089690107,"1":0.5578844748,"2":0.9053262887,"3":0.8612104031,"4":0.8873973674},"('Bee', 'recall')":{"0":0.5002870029,"1":0.95404814,"2":0.5918043499,"3":0.6349509269,"4":0.558160505},"('Bee', 'support')":{"0":12195.0,"1":9597.0,"2":10713.0,"3":11004.0,"4":12199.0},"('NoBee', 'f1-score')":{"0":0.7755498276,"1":0.378221181,"2":0.7996499045,"3":0.7934455199,"4":0.7837781773},"('NoBee', 'precision')":{"0":0.6552777464,"1":0.841480949,"2":0.6968037163,"3":0.7109032026,"4":0.6777279522},"('NoBee', 'recall')":{"0":0.949897499,"1":0.2439303949,"2":0.9381125735,"3":0.8976735732,"4":0.9291745225},"('NoBee', 'support')":{"0":12195.0,"1":9597.0,"2":10713.0,"3":11004.0,"4":12199.0},"('macro avg', 'f1-score')":{"0":0.7104596337,"1":0.5411425794,"2":0.7576935456,"3":0.7622089764,"4":0.7345320033},"('macro avg', 'precision')":{"0":0.7821233785,"1":0.6996827119,"2":0.8010650025,"3":0.7860568028,"4":0.7825626598},"('macro avg', 'recall')":{"0":0.7250922509,"1":0.5989892675,"2":0.7649584617,"3":0.7663122501,"4":0.7436675137},"('macro avg', 'support')":{"0":24390.0,"1":19194.0,"2":21426.0,"3":22008.0,"4":24398.0},"('weighted avg', 'f1-score')":{"0":0.7104596337,"1":0.5411425794,"2":0.7576935456,"3":0.7622089764,"4":0.7345320033},"('weighted avg', 'precision')":{"0":0.7821233785,"1":0.6996827119,"2":0.8010650025,"3":0.7860568028,"4":0.7825626598},"('weighted avg', 'recall')":{"0":0.7250922509,"1":0.5989892675,"2":0.7649584617,"3":0.7663122501,"4":0.7436675137},"('weighted avg', 'support')":{"0":24390.0,"1":19194.0,"2":21426.0,"3":22008.0,"4":24398.0},"('fold', '')":{"0":"fold_0","1":"fold_1","2":"fold_2","3":"fold_3","4":"fold_4"}}