{"('', 'accuracy')":{"0":0.7298479816,"1":0.655499489,"2":0.7949348493,"3":0.7791581502,"4":0.7795094532,"5":0.7394289729,"6":0.7612097598},"('Bee', 'f1-score')":{"0":0.6904979693,"1":0.5022380139,"2":0.7676497196,"3":0.7515003414,"4":0.7475131656,"5":0.707174389,"6":0.7460344418},"('Bee', 'precision')":{"0":0.8082226981,"1":0.9047381546,"2":0.8854662326,"3":0.8590912826,"4":0.8744010951,"5":0.8070779061,"6":0.7966630395},"('Bee', 'recall')":{"0":0.6027082269,"1":0.3475983648,"2":0.6775038324,"3":0.6678589678,"4":0.6527848748,"5":0.6292795095,"6":0.7014563107},"('Bee', 'support')":{"0":15656.0,"1":15656.0,"2":15656.0,"3":15656.0,"4":15656.0,"5":15656.0,"6":15656.0},"('NoBee', 'f1-score')":{"0":0.7603207435,"1":0.7366004932,"2":0.8164851811,"3":0.8012759721,"4":0.80430839,"5":0.765282932,"6":0.7746737787},"('NoBee', 'precision')":{"0":0.6832510058,"1":0.5962367079,"2":0.7388403248,"3":0.7283318531,"4":0.7229922544,"5":0.6962051819,"6":0.733325726},"('NoBee', 'recall')":{"0":0.8569877363,"1":0.9634006132,"2":0.9123658661,"3":0.8904573327,"4":0.9062340317,"5":0.8495784364,"6":0.820963209},"('NoBee', 'support')":{"0":15656.0,"1":15656.0,"2":15656.0,"3":15656.0,"4":15656.0,"5":15656.0,"6":15656.0},"('macro avg', 'f1-score')":{"0":0.7254093564,"1":0.6194192536,"2":0.7920674503,"3":0.7763881567,"4":0.7759107778,"5":0.7362286605,"6":0.7603541103},"('macro avg', 'precision')":{"0":0.7457368519,"1":0.7504874313,"2":0.8121532787,"3":0.7937115678,"4":0.7986966748,"5":0.751641544,"6":0.7649943828},"('macro avg', 'recall')":{"0":0.7298479816,"1":0.655499489,"2":0.7949348493,"3":0.7791581502,"4":0.7795094532,"5":0.7394289729,"6":0.7612097598},"('macro avg', 'support')":{"0":31312.0,"1":31312.0,"2":31312.0,"3":31312.0,"4":31312.0,"5":31312.0,"6":31312.0},"('weighted avg', 'f1-score')":{"0":0.7254093564,"1":0.6194192536,"2":0.7920674503,"3":0.7763881567,"4":0.7759107778,"5":0.7362286605,"6":0.7603541103},"('weighted avg', 'precision')":{"0":0.7457368519,"1":0.7504874313,"2":0.8121532787,"3":0.7937115678,"4":0.7986966748,"5":0.751641544,"6":0.7649943828},"('weighted avg', 'recall')":{"0":0.7298479816,"1":0.655499489,"2":0.7949348493,"3":0.7791581502,"4":0.7795094532,"5":0.7394289729,"6":0.7612097598},"('weighted avg', 'support')":{"0":31312.0,"1":31312.0,"2":31312.0,"3":31312.0,"4":31312.0,"5":31312.0,"6":31312.0},"('model_name', '')":{"0":"End2End_Gammaton","1":"End2End_Gammaton_FineTuned","2":"End2End_Gammaton_Frozen","3":"End2End_Gammaton_Frozen_NoisyBee_excluded","4":"End2End_Gammaton_Frozen_NoisyBee_excluded_Augmented","5":"End2End_Simple","6":"End2End_Simple_3khzBP"}}