{"('', 'accuracy')":{"0":0.5,"1":0.7298479816,"2":0.412110373,"3":0.655499489,"4":0.7612097598,"5":0.7791581502,"6":0.7795094532},"('Bee', 'f1-score')":{"0":0.0,"1":0.6904979693,"2":0.3348269133,"3":0.5022380139,"4":0.7460344418,"5":0.7515003414,"6":0.7475131656},"('Bee', 'precision')":{"0":0.0,"1":0.8082226981,"2":0.3855050757,"3":0.9047381546,"4":0.7966630395,"5":0.8590912826,"6":0.8744010951},"('Bee', 'recall')":{"0":0.0,"1":0.6027082269,"2":0.295924885,"3":0.3475983648,"4":0.7014563107,"5":0.6678589678,"6":0.6527848748},"('Bee', 'support')":{"0":15656.0,"1":15656.0,"2":15656.0,"3":15656.0,"4":15656.0,"5":15656.0,"6":15656.0},"('NoBee', 'f1-score')":{"0":0.6666666667,"1":0.7603207435,"2":0.473304721,"3":0.7366004932,"4":0.7746737787,"5":0.8012759721,"6":0.80430839},"('NoBee', 'precision')":{"0":0.5,"1":0.6832510058,"2":0.428682492,"3":0.5962367079,"4":0.733325726,"5":0.7283318531,"6":0.7229922544},"('NoBee', 'recall')":{"0":1.0,"1":0.8569877363,"2":0.528295861,"3":0.9634006132,"4":0.820963209,"5":0.8904573327,"6":0.9062340317},"('NoBee', 'support')":{"0":15656.0,"1":15656.0,"2":15656.0,"3":15656.0,"4":15656.0,"5":15656.0,"6":15656.0},"('macro avg', 'f1-score')":{"0":0.3333333333,"1":0.7254093564,"2":0.4040658172,"3":0.6194192536,"4":0.7603541103,"5":0.7763881567,"6":0.7759107778},"('macro avg', 'precision')":{"0":0.25,"1":0.7457368519,"2":0.4070937838,"3":0.7504874313,"4":0.7649943828,"5":0.7937115678,"6":0.7986966748},"('macro avg', 'recall')":{"0":0.5,"1":0.7298479816,"2":0.412110373,"3":0.655499489,"4":0.7612097598,"5":0.7791581502,"6":0.7795094532},"('macro avg', 'support')":{"0":31312.0,"1":31312.0,"2":31312.0,"3":31312.0,"4":31312.0,"5":31312.0,"6":31312.0},"('weighted avg', 'f1-score')":{"0":0.3333333333,"1":0.7254093564,"2":0.4040658172,"3":0.6194192536,"4":0.7603541103,"5":0.7763881567,"6":0.7759107778},"('weighted avg', 'precision')":{"0":0.25,"1":0.7457368519,"2":0.4070937838,"3":0.7504874313,"4":0.7649943828,"5":0.7937115678,"6":0.7986966748},"('weighted avg', 'recall')":{"0":0.5,"1":0.7298479816,"2":0.412110373,"3":0.655499489,"4":0.7612097598,"5":0.7791581502,"6":0.7795094532},"('weighted avg', 'support')":{"0":31312.0,"1":31312.0,"2":31312.0,"3":31312.0,"4":31312.0,"5":31312.0,"6":31312.0},"('model_name', '')":{"0":"End2End_Simple","1":"End2End_Gammaton","2":"End2End_Gammaton_Frozen","3":"End2End_Gammaton_FineTuned","4":"End2End_Simple_3khzBP","5":"End2End_Gammaton_Frozen_NoisyBee_excluded","6":"End2End_Gammaton_Frozen_NoisyBee_excluded_Augmented"}}