{"('', 'accuracy')":{"0":0.5,"1":0.7298479816,"2":0.655499489,"3":0.7612097598,"4":0.7791581502,"5":0.7795094532,"6":0.7949348493},"('Bee', 'f1-score')":{"0":0.0,"1":0.6904979693,"2":0.5022380139,"3":0.7460344418,"4":0.7515003414,"5":0.7475131656,"6":0.7676497196},"('Bee', 'precision')":{"0":0.0,"1":0.8082226981,"2":0.9047381546,"3":0.7966630395,"4":0.8590912826,"5":0.8744010951,"6":0.8854662326},"('Bee', 'recall')":{"0":0.0,"1":0.6027082269,"2":0.3475983648,"3":0.7014563107,"4":0.6678589678,"5":0.6527848748,"6":0.6775038324},"('Bee', 'support')":{"0":15656.0,"1":15656.0,"2":15656.0,"3":15656.0,"4":15656.0,"5":15656.0,"6":15656.0},"('NoBee', 'f1-score')":{"0":0.6666666667,"1":0.7603207435,"2":0.7366004932,"3":0.7746737787,"4":0.8012759721,"5":0.80430839,"6":0.8164851811},"('NoBee', 'precision')":{"0":0.5,"1":0.6832510058,"2":0.5962367079,"3":0.733325726,"4":0.7283318531,"5":0.7229922544,"6":0.7388403248},"('NoBee', 'recall')":{"0":1.0,"1":0.8569877363,"2":0.9634006132,"3":0.820963209,"4":0.8904573327,"5":0.9062340317,"6":0.9123658661},"('NoBee', 'support')":{"0":15656.0,"1":15656.0,"2":15656.0,"3":15656.0,"4":15656.0,"5":15656.0,"6":15656.0},"('macro avg', 'f1-score')":{"0":0.3333333333,"1":0.7254093564,"2":0.6194192536,"3":0.7603541103,"4":0.7763881567,"5":0.7759107778,"6":0.7920674503},"('macro avg', 'precision')":{"0":0.25,"1":0.7457368519,"2":0.7504874313,"3":0.7649943828,"4":0.7937115678,"5":0.7986966748,"6":0.8121532787},"('macro avg', 'recall')":{"0":0.5,"1":0.7298479816,"2":0.655499489,"3":0.7612097598,"4":0.7791581502,"5":0.7795094532,"6":0.7949348493},"('macro avg', 'support')":{"0":31312.0,"1":31312.0,"2":31312.0,"3":31312.0,"4":31312.0,"5":31312.0,"6":31312.0},"('weighted avg', 'f1-score')":{"0":0.3333333333,"1":0.7254093564,"2":0.6194192536,"3":0.7603541103,"4":0.7763881567,"5":0.7759107778,"6":0.7920674503},"('weighted avg', 'precision')":{"0":0.25,"1":0.7457368519,"2":0.7504874313,"3":0.7649943828,"4":0.7937115678,"5":0.7986966748,"6":0.8121532787},"('weighted avg', 'recall')":{"0":0.5,"1":0.7298479816,"2":0.655499489,"3":0.7612097598,"4":0.7791581502,"5":0.7795094532,"6":0.7949348493},"('weighted avg', 'support')":{"0":31312.0,"1":31312.0,"2":31312.0,"3":31312.0,"4":31312.0,"5":31312.0,"6":31312.0},"('model_name', '')":{"0":"End2End_Simple","1":"End2End_Gammaton","2":"End2End_Gammaton_FineTuned","3":"End2End_Simple_3khzBP","4":"End2End_Gammaton_Frozen_NoisyBee_excluded","5":"End2End_Gammaton_Frozen_NoisyBee_excluded_Augmented","6":"End2End_Gammaton_Frozen"}}