{"('', 'accuracy')":{"0":0.6087900163,"1":0.611412552,"2":0.5997467897,"3":0.5759631036,"4":0.5625791282,"5":0.5848254657,"6":0.5749683487},"('Bee', 'f1-score')":{"0":0.5141509434,"1":0.5217584864,"2":0.4728442115,"3":0.4517713083,"4":0.3851531715,"5":0.4149356442,"6":0.3807641634},"('Bee', 'precision')":{"0":0.6782222222,"1":0.6782407407,"2":0.6923613533,"3":0.6388888889,"4":0.6479897348,"5":0.7023295945,"6":0.7011159631},"('Bee', 'recall')":{"0":0.4139989148,"1":0.4239464641,"2":0.3590160969,"3":0.3494302767,"4":0.2740097667,"5":0.2944474589,"6":0.2613492494},"('Bee', 'support')":{"0":5529.0,"1":5529.0,"2":5529.0,"3":5529.0,"4":5529.0,"5":5529.0,"6":5529.0},"('NoBee', 'f1-score')":{"0":0.6725703906,"1":0.6727591196,"2":0.6774052478,"3":0.6542800265,"4":0.6605375816,"5":0.6782535567,"6":0.6764422415},"('NoBee', 'precision')":{"0":0.5782897306,"1":0.5810313076,"2":0.5673299963,"3":0.5522778193,"4":0.5396788991,"5":0.5536613272,"6":0.5460709125},"('NoBee', 'recall')":{"0":0.8035811177,"1":0.7988786399,"2":0.8404774824,"3":0.8024959305,"4":0.8511484898,"5":0.8752034726,"6":0.888587448},"('NoBee', 'support')":{"0":5529.0,"1":5529.0,"2":5529.0,"3":5529.0,"4":5529.0,"5":5529.0,"6":5529.0},"('macro avg', 'f1-score')":{"0":0.593360667,"1":0.597258803,"2":0.5751247297,"3":0.5530256674,"4":0.5228453765,"5":0.5465946004,"6":0.5286032024},"('macro avg', 'precision')":{"0":0.6282559764,"1":0.6296360241,"2":0.6298456748,"3":0.5955833541,"4":0.5938343169,"5":0.6279954609,"6":0.6235934378},"('macro avg', 'recall')":{"0":0.6087900163,"1":0.611412552,"2":0.5997467897,"3":0.5759631036,"4":0.5625791282,"5":0.5848254657,"6":0.5749683487},"('macro avg', 'support')":{"0":11058.0,"1":11058.0,"2":11058.0,"3":11058.0,"4":11058.0,"5":11058.0,"6":11058.0},"('weighted avg', 'f1-score')":{"0":0.593360667,"1":0.597258803,"2":0.5751247297,"3":0.5530256674,"4":0.5228453765,"5":0.5465946004,"6":0.5286032024},"('weighted avg', 'precision')":{"0":0.6282559764,"1":0.6296360241,"2":0.6298456748,"3":0.5955833541,"4":0.5938343169,"5":0.6279954609,"6":0.6235934378},"('weighted avg', 'recall')":{"0":0.6087900163,"1":0.611412552,"2":0.5997467897,"3":0.5759631036,"4":0.5625791282,"5":0.5848254657,"6":0.5749683487},"('weighted avg', 'support')":{"0":11058.0,"1":11058.0,"2":11058.0,"3":11058.0,"4":11058.0,"5":11058.0,"6":11058.0},"('model_name', '')":{"0":"End2End_Gammaton","1":"End2End_Gammaton_FineTuned","2":"End2End_Gammaton_Frozen","3":"End2End_Gammaton_Frozen_NoisyBee_excluded","4":"End2End_Gammaton_Frozen_NoisyBee_excluded_Augmented","5":"End2End_Simple","6":"End2End_Simple_3khzBP"}}