,,Bee,Bee,Bee,Bee,NoBee,NoBee,NoBee,NoBee,macro avg,macro avg,macro avg,macro avg,weighted avg,weighted avg,weighted avg,weighted avg,model_name
,accuracy,f1-score,precision,recall,support,f1-score,precision,recall,support,f1-score,precision,recall,support,f1-score,precision,recall,support,
0,0.5850967625248689,0.41687849517031017,0.7011543394613082,0.2966178332429011,5529.0,0.6779898933183606,0.5539626103911,0.8735756918068367,5529.0,0.5474341942443354,0.6275584749262041,0.5850967625248689,11058.0,0.5474341942443354,0.6275584749262041,0.5850967625248689,11058.0,End2End_Simple
1,0.6096039066739013,0.5174918967251593,0.6772966647162083,0.4187013926569,5529.0,0.6721846761333434,0.5793193717277487,0.8005064206909025,5529.0,0.5948382864292514,0.6283080182219785,0.6096039066739012,11058.0,0.5948382864292514,0.6283080182219786,0.6096039066739013,11058.0,End2End_Gammaton
2,0.6006511123168746,0.4761565836298932,0.6918304033092038,0.36299511665762346,5529.0,0.6773345024112231,0.5682236116219198,0.8383071079761258,5529.0,0.5767455430205581,0.6300270074655618,0.6006511123168746,11058.0,0.5767455430205581,0.6300270074655618,0.6006511123168746,11058.0,End2End_Gammaton_Frozen
3,0.6121360101284138,0.524764542936288,0.6773455377574371,0.4282872128775547,5529.0,0.6723703307615919,0.5819888918275589,0.7959848073792729,5529.0,0.59856743684894,0.629667214792498,0.6121360101284138,11058.0,0.59856743684894,0.629667214792498,0.6121360101284138,11058.0,End2End_Gammaton_FineTuned
4,0.5,0.0,0.0,0.0,5529.0,0.6666666666666666,0.5,1.0,5529.0,0.3333333333333333,0.25,0.5,11058.0,0.3333333333333333,0.25,0.5,11058.0,End2End_Simple_3khzBP
5,0.5765961294990053,0.45393048752041054,0.639080459770115,0.35196238017724724,5529.0,0.6542608181952444,0.5528516161237989,0.8012298788207632,5529.0,0.5540956528578275,0.5959660379469569,0.5765961294990052,11058.0,0.5540956528578275,0.5959660379469569,0.5765961294990053,11058.0,End2End_Gammaton_Frozen_NoisyBee_excluded
