{"('', 'accuracy')":{"0":0.5850967625,"1":0.6096039067,"2":0.6006511123,"3":0.6121360101,"4":0.5,"5":0.5765961295,"6":0.562488696},"('Bee', 'f1-score')":{"0":0.4168784952,"1":0.5174918967,"2":0.4761565836,"3":0.5247645429,"4":0.0,"5":0.4539304875,"6":0.3854166667},"('Bee', 'precision')":{"0":0.7011543395,"1":0.6772966647,"2":0.6918304033,"3":0.6773455378,"4":0.0,"5":0.6390804598,"6":0.6474605207},"('Bee', 'recall')":{"0":0.2966178332,"1":0.4187013927,"2":0.3629951167,"3":0.4282872129,"4":0.0,"5":0.3519623802,"6":0.2743714957},"('Bee', 'support')":{"0":5529.0,"1":5529.0,"2":5529.0,"3":5529.0,"4":5529.0,"5":5529.0,"6":5529.0},"('NoBee', 'f1-score')":{"0":0.6779898933,"1":0.6721846761,"2":0.6773345024,"3":0.6723703308,"4":0.6666666667,"5":0.6542608182,"6":0.6603482168},"('NoBee', 'precision')":{"0":0.5539626104,"1":0.5793193717,"2":0.5682236116,"3":0.5819888918,"4":0.5,"5":0.5528516161,"6":0.5396442915},"('NoBee', 'recall')":{"0":0.8735756918,"1":0.8005064207,"2":0.838307108,"3":0.7959848074,"4":1.0,"5":0.8012298788,"6":0.8506058962},"('NoBee', 'support')":{"0":5529.0,"1":5529.0,"2":5529.0,"3":5529.0,"4":5529.0,"5":5529.0,"6":5529.0},"('macro avg', 'f1-score')":{"0":0.5474341942,"1":0.5948382864,"2":0.576745543,"3":0.5985674368,"4":0.3333333333,"5":0.5540956529,"6":0.5228824417},"('macro avg', 'precision')":{"0":0.6275584749,"1":0.6283080182,"2":0.6300270075,"3":0.6296672148,"4":0.25,"5":0.5959660379,"6":0.5935524061},"('macro avg', 'recall')":{"0":0.5850967625,"1":0.6096039067,"2":0.6006511123,"3":0.6121360101,"4":0.5,"5":0.5765961295,"6":0.562488696},"('macro avg', 'support')":{"0":11058.0,"1":11058.0,"2":11058.0,"3":11058.0,"4":11058.0,"5":11058.0,"6":11058.0},"('weighted avg', 'f1-score')":{"0":0.5474341942,"1":0.5948382864,"2":0.576745543,"3":0.5985674368,"4":0.3333333333,"5":0.5540956529,"6":0.5228824417},"('weighted avg', 'precision')":{"0":0.6275584749,"1":0.6283080182,"2":0.6300270075,"3":0.6296672148,"4":0.25,"5":0.5959660379,"6":0.5935524061},"('weighted avg', 'recall')":{"0":0.5850967625,"1":0.6096039067,"2":0.6006511123,"3":0.6121360101,"4":0.5,"5":0.5765961295,"6":0.562488696},"('weighted avg', 'support')":{"0":11058.0,"1":11058.0,"2":11058.0,"3":11058.0,"4":11058.0,"5":11058.0,"6":11058.0},"('model_name', '')":{"0":"End2End_Simple","1":"End2End_Gammaton","2":"End2End_Gammaton_Frozen","3":"End2End_Gammaton_FineTuned","4":"End2End_Simple_3khzBP","5":"End2End_Gammaton_Frozen_NoisyBee_excluded","6":"End2End_Gammaton_Frozen_NoisyBee_excluded_Augmented"}}