,,Bee,Bee,Bee,Bee,NoBee,NoBee,NoBee,NoBee,macro avg,macro avg,macro avg,macro avg,weighted avg,weighted avg,weighted avg,weighted avg,method
,accuracy,f1-score,precision,recall,support,f1-score,precision,recall,support,f1-score,precision,recall,support,f1-score,precision,recall,support,
0,0.6770886561062851,0.6941898799262015,0.6592750043086115,0.7330097087378641,15656.0,0.657961503332093,0.699388709097447,0.6211676034747062,15656.0,0.6760756916291473,0.6793318567030293,0.6770886561062852,31312.0,0.6760756916291473,0.6793318567030292,0.6770886561062851,31312.0,KNN
1,0.7314767501277466,0.728353579736366,0.7369246861924686,0.7199795605518651,15656.0,0.7345289214448094,0.7262737262737263,0.742973939703628,15656.0,0.7314412505905877,0.7315992062330975,0.7314767501277466,31312.0,0.7314412505905877,0.7315992062330976,0.7314767501277466,31312.0,SVC
2,0.7334887583035258,0.708226985070452,0.7823870220162225,0.6469085334695963,15656.0,0.7547247450254239,0.6990254260358251,0.8200689831374552,15656.0,0.7314758650479379,0.7407062240260238,0.7334887583035258,31312.0,0.7314758650479379,0.7407062240260237,0.7334887583035258,31312.0,RandomForest
3,0.7307741440981094,0.7059849330357143,0.7775814382298709,0.6464614205416453,15656.0,0.7517082940622054,0.6974748578924355,0.8150868676545733,15656.0,0.7288466135489599,0.7375281480611532,0.7307741440981093,31312.0,0.7288466135489599,0.7375281480611532,0.7307741440981094,31312.0,ExtraTrees
4,0.7343510475217169,0.7282054633381257,0.7454508964409955,0.7117399080224834,15656.0,0.7402248594628357,0.7242116841847959,0.7569621870209504,15656.0,0.7342151614004807,0.7348312903128957,0.734351047521717,31312.0,0.7342151614004807,0.7348312903128957,0.7343510475217169,31312.0,GradientBoosting
5,0.7143267756770567,0.714171592906215,0.7145597544600039,0.7137838528359735,15656.0,0.7144817900347921,0.7140943023033242,0.71486969851814,15656.0,0.7143266914705035,0.7143270283816641,0.7143267756770567,31312.0,0.7143266914705035,0.714327028381664,0.7143267756770567,31312.0,LogisticRegression
6,0.4337953500255493,0.5202543634149642,0.4513357434621344,0.614013796627491,15656.0,0.3093225291207293,0.3964845700589234,0.25357690342360756,15656.0,0.4147884462678467,0.4239101567605289,0.43379535002554925,31312.0,0.4147884462678468,0.42391015676052884,0.4337953500255493,31312.0,KMeans
